# This contents of this file is produced by running "DSP Benchmarks data" tests as explained in ESP-IDF Programming Guide and 
# README.me for ESP-DSP.
# When updating this file, remember to run build_bm_table.py script to rebuild the table in documentation.

Esp32p4
**Dot Product**
dsps_dotprod_f32 for N=256 points, 1319, 1563, 1, 4
dsps_dotprode_f32 for N=256 points with step 1, 1314, 1819, 1, 4
dsps_dotprod_s16 for N=256 points, 208, 3385, 1, 4
**FIR Filters**
dsps_fir_f32 1024 input samples and 256 coefficients, 1606563, 1606552, 1, 4
dsps_fird_f32 1024 samples 256 coeffs and decimation 4, 339796, 415332, 1, 4
**FFTs Radix-2 32 bit Floating Point**
dsps_fft2r_fc32 for  64 complex points, 4989, 6062, 1, 4
dsps_fft2r_fc32 for 128 complex points, 11404, 13725, 1, 4
dsps_fft2r_fc32 for 256 complex points, 25684, 30779, 1, 4
dsps_fft2r_fc32 for 512 complex points, 57181, 68325, 1, 4
dsps_fft2r_fc32 for 1024 complex points, 126053, 140083, 1, 4
**FFTs Radix-4 32 bit Floating Point**
dsps_fft4r_fc32 for  64 complex points, 3483, 3761, 1, 4
dsps_fft4r_fc32 for 256 complex points, 18052, 19266, 1, 4
dsps_fft4r_fc32 for 1024 complex points, 89820, 95550, 1, 4
**FFTs 16 bit Fixed Point**
dsps_fft2r_sc16 for  64 complex points, 897, 9055, 1, 4
dsps_fft2r_sc16 for 128 complex points, 1832, 20675, 1, 4
dsps_fft2r_sc16 for 256 complex points, 3873, 46576, 1, 4
dsps_fft2r_sc16 for 512 complex points, 8234, 103739, 1, 4
dsps_fft2r_sc16 for 1024 complex points, 17523, 228808, 1, 4
**IIR Filters**
dsps_biquad_f32 - biquad filter for 1024 input samples, 15391, 21544, 1, 4
**Matrix Multiplication**
dspm_mult_f32 - C[16;16] = A[16;16]*B[16;16], 28276, 31481, 1, 4
dspm_mult_s16 - C[16;16] = A[16;16]*B[16;16], 2138, 60715, 1, 4
dspm_mult_3x3x1_f32 - C[3;1] = A[3;3]*B[3;1], 144, 161, 1, 4
dspm_mult_3x3x3_f32 - C[3;3] = A[3;3]*B[3;3], 338, 309, 1, 4
dspm_mult_4x4x1_f32 - C[4;1] = A[4;4]*B[4;1], 206, 227, 1, 4
dspm_mult_4x4x4_f32 - C[4;4] = A[4;4]*B[4;4], 658, 608, 1, 4
**Image processing prototypes**
dspi_dotprod_s8/u8 - dotproduct of two images 16x16, 225, 2436, 1, 4
dspi_dotprod_off_s8/u8 - dotproduct of two images 16x16, 240, 2736, 1, 4
dspi_dotprod_s8/u8- dotproduct of two images 64x64, 1662, 33723, 1, 4
dspi_dotprod_off_s8/u8 - dotproduct of two images 64x64, 1792, 37884, 1, 4
dspi_dotprod_s16/u16 - dotproduct of two images 8x8, 153, 994, 1, 4
dspi_dotprod_off_s16/u16 - dotproduct of two images 8x8, 145, 1056, 1, 4
dspi_dotprod_s16 - dotproduct of two images 32x32, 853, 13888, 1, 4
dspi_dotprod_off_s16/u16 - dotproduct of two images 32x32, 921, 14874, 1, 4

Esp32p4
**Dot Product**
dsps_dotprod_f32 for N=256 points, 1320, 2336, 2, 4
dsps_dotprode_f32 for N=256 points with step 1, 1317, 2087, 2, 4
dsps_dotprod_s16 for N=256 points, 202, 4170, 2, 4
**FIR Filters**
dsps_fir_f32 1024 input samples and 256 coefficients, 3050985, 3050972, 2, 4
dsps_fird_f32 1024 samples 256 coeffs and decimation 4, 339780, 814168, 2, 4
**FFTs Radix-2 32 bit Floating Point**
dsps_fft2r_fc32 for  64 complex points, 4988, 8144, 2, 4
dsps_fft2r_fc32 for 128 complex points, 11391, 18622, 2, 4
dsps_fft2r_fc32 for 256 complex points, 25671, 41955, 2, 4
dsps_fft2r_fc32 for 512 complex points, 57167, 93483, 2, 4
dsps_fft2r_fc32 for 1024 complex points, 126039, 186812, 2, 4
**FFTs Radix-4 32 bit Floating Point**
dsps_fft4r_fc32 for  64 complex points, 3480, 3876, 2, 4
dsps_fft4r_fc32 for 256 complex points, 18036, 19788, 2, 4
dsps_fft4r_fc32 for 1024 complex points, 89766, 98026, 2, 4
**FFTs 16 bit Fixed Point**
dsps_fft2r_sc16 for  64 complex points, 894, 9472, 2, 4
dsps_fft2r_sc16 for 128 complex points, 1835, 21633, 2, 4
dsps_fft2r_sc16 for 256 complex points, 3876, 48735, 2, 4
dsps_fft2r_sc16 for 512 complex points, 8237, 108555, 2, 4
dsps_fft2r_sc16 for 1024 complex points, 17526, 239447, 2, 4
**IIR Filters**
dsps_biquad_f32 - biquad filter for 1024 input samples, 15403, 32789, 2, 4
**Matrix Multiplication**
dspm_mult_f32 - C[16;16] = A[16;16]*B[16;16], 28239, 38913, 2, 4
dspm_mult_s16 - C[16;16] = A[16;16]*B[16;16], 2141, 63865, 2, 4
dspm_mult_3x3x1_f32 - C[3;1] = A[3;3]*B[3;1], 159, 164, 2, 4
dspm_mult_3x3x3_f32 - C[3;3] = A[3;3]*B[3;3], 332, 351, 2, 4
dspm_mult_4x4x1_f32 - C[4;1] = A[4;4]*B[4;1], 202, 258, 2, 4
dspm_mult_4x4x4_f32 - C[4;4] = A[4;4]*B[4;4], 658, 749, 2, 4
**Image processing prototypes**
dspi_dotprod_s8/u8 - dotproduct of two images 16x16, 228, 2373, 2, 4
dspi_dotprod_off_s8/u8 - dotproduct of two images 16x16, 243, 2584, 2, 4
dspi_dotprod_s8/u8- dotproduct of two images 64x64, 1664, 33800, 2, 4
dspi_dotprod_off_s8/u8 - dotproduct of two images 64x64, 1795, 37768, 2, 4
dspi_dotprod_s16/u16 - dotproduct of two images 8x8, 152, 1018, 2, 4
dspi_dotprod_off_s16/u16 - dotproduct of two images 8x8, 143, 1088, 2, 4
dspi_dotprod_s16 - dotproduct of two images 32x32, 859, 13831, 2, 4
dspi_dotprod_off_s16/u16 - dotproduct of two images 32x32, 921, 14850, 2, 4

Esp32s3
**Dot Product**
dsps_dotprod_f32 for N=256 points, 449, 1330, 1, 3
dsps_dotprode_f32 for N=256 points with step 1, 1326, 2603, 1, 3
dsps_dotprod_s16 for N=256 points, 323, 3397, 1, 3
**FIR Filters**
dsps_fir_f32 1024 input samples and 256 coefficients, 443690, 1350673, 1, 3
dsps_fird_f32 1024 samples 256 coeffs and decimation 4, 115494, 349202, 1, 3
**FFTs Radix-2 32 bit Floating Point**
dsps_fft2r_fc32 for  64 complex points, 5142, 6850, 1, 3
dsps_fft2r_fc32 for 128 complex points, 11706, 15638, 1, 3
dsps_fft2r_fc32 for 256 complex points, 26303, 34939, 1, 3
dsps_fft2r_fc32 for 512 complex points, 58435, 77175, 1, 3
dsps_fft2r_fc32 for 1024 complex points, 128697, 169738, 1, 3
**FFTs Radix-4 32 bit Floating Point**
dsps_fft4r_fc32 for  64 complex points, 3345, 5119, 1, 3
dsps_fft4r_fc32 for 256 complex points, 15522, 25223, 1, 3
dsps_fft4r_fc32 for 1024 complex points, 75273, 122245, 1, 3
**FFTs 16 bit Fixed Point**
dsps_fft2r_sc16 for  64 complex points, 793, 8828, 1, 3
dsps_fft2r_sc16 for 128 complex points, 1828, 19822, 1, 3
dsps_fft2r_sc16 for 256 complex points, 3429, 44095, 1, 3
dsps_fft2r_sc16 for 512 complex points, 7512, 97235, 1, 3
dsps_fft2r_sc16 for 1024 complex points, 15641, 212708, 1, 3
**IIR Filters**
dsps_biquad_f32 - biquad filter for 1024 input samples, 17459, 25644, 1, 3
**Matrix Multiplication**
dspm_mult_f32 - C[16;16] = A[16;16]*B[16;16], 6297, 52517, 1, 3
dspm_mult_s16 - C[16;16] = A[16;16]*B[16;16], 1848, 65395, 1, 3
dspm_mult_3x3x1_f32 - C[3;1] = A[3;3]*B[3;1], 275, 410, 1, 3
dspm_mult_3x3x3_f32 - C[3;3] = A[3;3]*B[3;3], 323, 529, 1, 3
dspm_mult_4x4x1_f32 - C[4;1] = A[4;4]*B[4;1], 119, 353, 1, 3
dspm_mult_4x4x4_f32 - C[4;4] = A[4;4]*B[4;4], 192, 1072, 1, 3
**Image processing prototypes**
dspi_dotprod_s8/u8 - dotproduct of two images 16x16, 381, 3301, 1, 3
dspi_dotprod_off_s8/u8 - dotproduct of two images 16x16, 243, 3705, 1, 3
dspi_dotprod_s8/u8- dotproduct of two images 64x64, 705, 49812, 1, 3
dspi_dotprod_off_s8/u8 - dotproduct of two images 64x64, 1010, 54154, 1, 3
dspi_dotprod_s16/u16 - dotproduct of two images 8x8, 162, 1314, 1, 3
dspi_dotprod_off_s16/u16 - dotproduct of two images 8x8, 196, 1688, 1, 3
dspi_dotprod_s16 - dotproduct of two images 32x32, 565, 17948, 1, 3
dspi_dotprod_off_s16/u16 - dotproduct of two images 32x32, 576, 19037, 1, 3

Esp32s3
**Dot Product**
dsps_dotprod_f32 for N=256 points, 448, 3367, 2, 3
dsps_dotprode_f32 for N=256 points with step 1, 1326, 3115, 2, 3
dsps_dotprod_s16 for N=256 points, 322, 5448, 2, 3
**FIR Filters**
dsps_fir_f32 1024 input samples and 256 coefficients, 443688, 3705034, 2, 3
dsps_fird_f32 1024 samples 256 coeffs and decimation 4, 115495, 1073017, 2, 3
**FFTs Radix-2 32 bit Floating Point**
dsps_fft2r_fc32 for  64 complex points, 5140, 7824, 2, 3
dsps_fft2r_fc32 for 128 complex points, 11705, 17790, 2, 3
dsps_fft2r_fc32 for 256 complex points, 26303, 39943, 2, 3
dsps_fft2r_fc32 for 512 complex points, 58437, 88722, 2, 3
dsps_fft2r_fc32 for 1024 complex points, 128585, 195230, 2, 3
**FFTs Radix-4 32 bit Floating Point**
dsps_fft4r_fc32 for  64 complex points, 3176, 5509, 2, 3
dsps_fft4r_fc32 for 256 complex points, 15792, 27872, 2, 3
dsps_fft4r_fc32 for 1024 complex points, 76554, 136200, 2, 3
**FFTs 16 bit Fixed Point**
dsps_fft2r_sc16 for  64 complex points, 794, 11838, 2, 3
dsps_fft2r_sc16 for 128 complex points, 1627, 27019, 2, 3
dsps_fft2r_sc16 for 256 complex points, 3428, 60828, 2, 3
dsps_fft2r_sc16 for 512 complex points, 7311, 135336, 2, 3
dsps_fft2r_sc16 for 1024 complex points, 15642, 298166, 2, 3
**IIR Filters**
dsps_biquad_f32 - biquad filter for 1024 input samples, 17630, 33828, 2, 3
**Matrix Multiplication**
dspm_mult_f32 - C[16;16] = A[16;16]*B[16;16], 6498, 62306, 2, 3
dspm_mult_s16 - C[16;16] = A[16;16]*B[16;16], 1848, 98736, 2, 3
dspm_mult_3x3x1_f32 - C[3;1] = A[3;3]*B[3;1], 86, 249, 2, 3
dspm_mult_3x3x3_f32 - C[3;3] = A[3;3]*B[3;3], 217, 672, 2, 3
dspm_mult_4x4x1_f32 - C[4;1] = A[4;4]*B[4;1], 121, 650, 2, 3
dspm_mult_4x4x4_f32 - C[4;4] = A[4;4]*B[4;4], 194, 1118, 2, 3
**Image processing prototypes**
dspi_dotprod_s8/u8 - dotproduct of two images 16x16, 179, 3436, 2, 3
dspi_dotprod_off_s8/u8 - dotproduct of two images 16x16, 245, 4069, 2, 3
dspi_dotprod_s8/u8- dotproduct of two images 64x64, 705, 50522, 2, 3
dspi_dotprod_off_s8/u8 - dotproduct of two images 64x64, 1177, 58581, 2, 3
dspi_dotprod_s16/u16 - dotproduct of two images 8x8, 162, 1525, 2, 3
dspi_dotprod_off_s16/u16 - dotproduct of two images 8x8, 195, 1728, 2, 3
dspi_dotprod_s16 - dotproduct of two images 32x32, 566, 21111, 2, 3
dspi_dotprod_off_s16/u16 - dotproduct of two images 32x32, 743, 24449, 2, 3

Esp32
**Dot Product**
dsps_dotprod_f32 for N=256 points, 1058, 1325, 1, 1
dsps_dotprode_f32 for N=256 points with step 1, 1317, 2853, 1, 1
dsps_dotprod_s16 for N=256 points, 447, 3647, 1, 1
**FIR Filters**
dsps_fir_f32 1024 input samples and 256 coefficients, 1079312, 2150685, 1, 1
dsps_fird_f32 1024 samples 256 coeffs and decimation 4, 350915, 614234, 1, 1
**FFTs Radix-2 32 bit Floating Point**
dsps_fft2r_fc32 for  64 complex points, 6079, 7037, 1, 1
dsps_fft2r_fc32 for 128 complex points, 13031, 15907, 1, 1
dsps_fft2r_fc32 for 256 complex points, 27828, 35562, 1, 1
dsps_fft2r_fc32 for 512 complex points, 61753, 78705, 1, 1
dsps_fft2r_fc32 for 1024 complex points, 135742, 172664, 1, 1
**FFTs Radix-4 32 bit Floating Point**
dsps_fft4r_fc32 for  64 complex points, 3125, 5185, 1, 1
dsps_fft4r_fc32 for 256 complex points, 15551, 26115, 1, 1
dsps_fft4r_fc32 for 1024 complex points, 75547, 127669, 1, 1
**FFTs 16 bit Fixed Point**
dsps_fft2r_sc16 for  64 complex points, 8786, 14575, 1, 1
dsps_fft2r_sc16 for 128 complex points, 20214, 33121, 1, 1
dsps_fft2r_sc16 for 256 complex points, 45755, 74290, 1, 1
dsps_fft2r_sc16 for 512 complex points, 102208, 164803, 1, 1
dsps_fft2r_sc16 for 1024 complex points, 225862, 362193, 1, 1
**IIR Filters**
dsps_biquad_f32 - biquad filter for 1024 input samples, 17450, 24613, 1, 1
**Matrix Multiplication**
dspm_mult_f32 - C[16;16] = A[16;16]*B[16;16], 24669, 51502, 1, 1
dspm_mult_s16 - C[16;16] = A[16;16]*B[16;16], 24707, 83699, 1, 1
dspm_mult_3x3x1_f32 - C[3;1] = A[3;3]*B[3;1], 79, 226, 1, 1
dspm_mult_3x3x3_f32 - C[3;3] = A[3;3]*B[3;3], 211, 492, 1, 1
dspm_mult_4x4x1_f32 - C[4;1] = A[4;4]*B[4;1], 112, 334, 1, 1
dspm_mult_4x4x4_f32 - C[4;4] = A[4;4]*B[4;4], 405, 1008, 1, 1
Esp32
**Dot Product**
dsps_dotprod_f32 for N=256 points, 1058, 4129, 2, 1
dsps_dotprode_f32 for N=256 points with step 1, 1317, 3621, 2, 1
dsps_dotprod_s16 for N=256 points, 447, 6466, 2, 1
**FIR Filters**
dsps_fir_f32 1024 input samples and 256 coefficients, 1079599, 5147785, 2, 1
dsps_fird_f32 1024 samples 256 coeffs and decimation 4, 350520, 1317367, 2, 1
**FFTs Radix-2 32 bit Floating Point**
dsps_fft2r_fc32 for  64 complex points, 5452, 8333, 2, 1
dsps_fft2r_fc32 for 128 complex points, 12399, 19035, 2, 1
dsps_fft2r_fc32 for 256 complex points, 27828, 42922, 2, 1
dsps_fft2r_fc32 for 512 complex points, 61753, 95673, 2, 1
dsps_fft2r_fc32 for 1024 complex points, 135742, 211252, 2, 1
**FFTs Radix-4 32 bit Floating Point**
dsps_fft4r_fc32 for  64 complex points, 3247, 5631, 2, 1
dsps_fft4r_fc32 for 256 complex points, 16056, 28397, 2, 1
dsps_fft4r_fc32 for 1024 complex points, 77587, 138522, 2, 1
**FFTs 16 bit Fixed Point**
dsps_fft2r_sc16 for  64 complex points, 8786, 15861, 2, 1
dsps_fft2r_sc16 for 128 complex points, 20214, 36238, 2, 1
dsps_fft2r_sc16 for 256 complex points, 45755, 81638, 2, 1
dsps_fft2r_sc16 for 512 complex points, 102416, 181758, 2, 1
dsps_fft2r_sc16 for 1024 complex points, 225861, 400853, 2, 1
**IIR Filters**
dsps_biquad_f32 - biquad filter for 1024 input samples, 17451, 36895, 2, 1
**Matrix Multiplication**
dspm_mult_f32 - C[16;16] = A[16;16]*B[16;16], 24670, 78197, 2, 1
dspm_mult_s16 - C[16;16] = A[16;16]*B[16;16], 24707, 99353, 2, 1
dspm_mult_3x3x1_f32 - C[3;1] = A[3;3]*B[3;1], 80, 271, 2, 1
dspm_mult_3x3x3_f32 - C[3;3] = A[3;3]*B[3;3], 210, 611, 2, 1
dspm_mult_4x4x1_f32 - C[4;1] = A[4;4]*B[4;1], 113, 425, 2, 1
dspm_mult_4x4x4_f32 - C[4;4] = A[4;4]*B[4;4], 404, 1335, 2, 1
**Image processing prototypes**
dspi_dotprod_s8/u8 - dotproduct of two images 16x16, 3827, 3828, 1, 1
dspi_dotprod_off_s8/u8 - dotproduct of two images 16x16, 4142, 4142, 1, 1
dspi_dotprod_s8/u8- dotproduct of two images 64x64, 58069, 58068, 1, 1
dspi_dotprod_off_s8/u8 - dotproduct of two images 64x64, 62365, 62366, 1, 1
dspi_dotprod_s16/u16 - dotproduct of two images 8x8, 1455, 1453, 1, 1
dspi_dotprod_off_s16/u16 - dotproduct of two images 8x8, 1529, 1531, 1, 1
dspi_dotprod_s16 - dotproduct of two images 32x32, 20190, 20029, 1, 1
dspi_dotprod_off_s16/u16 - dotproduct of two images 32x32, 21090, 21089, 1, 1
**Image processing prototypes**
dspi_dotprod_s8/u8 - dotproduct of two images 16x16, 4010, 4011, 2, 1
dspi_dotprod_off_s8/u8 - dotproduct of two images 16x16, 4772, 4774, 2, 1
dspi_dotprod_s8/u8- dotproduct of two images 64x64, 58825, 58826, 2, 1
dspi_dotprod_off_s8/u8 - dotproduct of two images 64x64, 71233, 71062, 2, 1
dspi_dotprod_s16/u16 - dotproduct of two images 8x8, 1804, 1806, 2, 1
dspi_dotprod_off_s16/u16 - dotproduct of two images 8x8, 2074, 2074, 2, 1
dspi_dotprod_s16 - dotproduct of two images 32x32, 25300, 25301, 2, 1
dspi_dotprod_off_s16/u16 - dotproduct of two images 32x32, 29432, 29432, 2, 1

